GIDBG,Mean,Variance
131210101132,0.7959414087434876,0.0566310976880245
131210102121,1.0456721924395718,0.0329392733235814
131210110001,1.1708441719324634,0.3796270745641921
131210114201,1.002617103561182,0.0359388497953013
131210114202,1.0426110578686647,0.0285994349454969
131210114203,1.1301278985042755,0.0462690892745531
